brand,model,status,release_year,navigation_type,navigation_detail,all_wheel_drive,max_coverage_m2,max_slope_pct,cutting_width_cm,cut_height_min_mm,cut_height_max_mm,battery_runtime_min,obstacle_avoidance,price_usd,price_provider,price_per_m2_usd,bestrobotmower_score,score_navigation,score_obstacle_avoidance,score_coverage,score_slope,score_coverage_per_dollar,model_page_url,coverage_source_url,slope_source_url,price_source_url,summary,price_as_of,price_is_live,in_stock
Segway,Segway Navimow i105E,shipping,2023,RTK GNSS,"Wire-free. RTK GNSS satellite positioning, no perimeter wire. Includes RTK reference antenna.",false,506,30,18,20,60,60,"Built-in VisionFence 140° AI camera; avoids 150+ object types (pets, hoses, toys)",799,Segway Navimow Store,1.58,3.5,4,5,2.9,3.3,2,https://bestrobotmower.co/mowers/segway-navimow-i105e,https://navimow.com/pages/navimow-i-specs,https://navimow.com/pages/navimow-i-specs,https://navimow.com/products/navimow-i105,"Segway's entry wire-free robot mower for small yards: quick app-mapped setup, RTK precision, and quiet cutting. A good first robot mower for compact lawns.",2026-09-29,true,true
Segway,Segway Navimow i110N,shipping,2023,RTK GNSS,"Wire-free. RTK GNSS satellite positioning, no perimeter wire. Includes RTK reference antenna.",false,1012,30,18,50,90,120,"Built-in VisionFence 140° AI camera; avoids 150+ object types (pets, hoses, toys)",1099,Amazon,1.09,3.8,4,5,3.2,3.3,3.3,https://bestrobotmower.co/mowers/segway-navimow-i110n,https://navimow.com/pages/navimow-i-specs,https://navimow.com/pages/navimow-i-specs,https://www.amazon.com/s?k=Segway+Navimow+i110N&tag=bestrobotmowe-20,"The mid-size Navimow for lawns up to roughly 1,000 m²: wire-free RTK setup, systematic mowing pattern, and anti-theft with GPS tracking.",2026-08-24,false,
Segway,Segway Navimow X330,shipping,2025,RTK + Vision,"Wire-free. RTK GNSS plus onboard AI vision, no perimeter wire and no separate antenna on X3.",false,4047,50,23.7,50,100,160,VisionFence 300° camera + LiDAR; avoids 200+ objects and 24+ animal types,2299,Segway Navimow Store,0.57,4.3,4,5,4,3.9,4.7,https://bestrobotmower.co/mowers/segway-navimow-x330,https://navimow.com/products/segway-navimow-x330,https://navimow.com/pages/navimow-x3-specs,https://navimow.com/products/segway-navimow-x330,"Segway's larger wire-free flagship for big lawns: fused RTK and AI vision for reliable positioning under tree cover, real-time obstacle avoidance, and multi-zone mapping.",2026-09-29,true,true
Mammotion,Mammotion Luba 2 AWD 5000,shipping,2023,RTK GNSS,"Wire-free. Dual-antenna RTK GNSS, no perimeter wire. All-wheel drive for traction on slopes.",true,5000,80,40,55,100,180,"UltraSense AI Vision camera; tells obstacles (kids, pets) from tall grass and avoids them",2299,Amazon,0.46,4.6,4,5,4.2,4.9,5,https://bestrobotmower.co/mowers/mammotion-luba-2-awd-5000,https://support.mammotion.com/portal/en/kb/articles/luba-2-awd-series-specifications,https://support.mammotion.com/portal/en/kb/articles/luba-2-awd-series-specifications,https://www.amazon.com/dp/B0DWRKVXD7?tag=bestrobotmowe-20,"Mammotion's large all-wheel-drive flagship: rated to 5,000 m² and slopes up to 80% grade, the class leader for big, steep, or terraced lawns. Wire-free RTK setup.",2026-09-29,false,
Mammotion,Mammotion Luba 2 AWD 1000,shipping,2023,RTK GNSS,"Wire-free. Dual-antenna RTK GNSS, no perimeter wire. All-wheel drive for traction on slopes.",true,1000,80,40,25,70,180,"UltraSense AI Vision camera; tells obstacles (kids, pets) from tall grass and avoids them",1699,Amazon,1.7,3.7,4,5,3.1,4.9,1.7,https://bestrobotmower.co/mowers/mammotion-luba-2-awd-1000,https://support.mammotion.com/portal/en/kb/articles/luba-2-awd-series-specifications,https://support.mammotion.com/portal/en/kb/articles/luba-2-awd-series-specifications,https://www.amazon.com/s?k=Mammotion+Luba+2+AWD+1000&tag=bestrobotmowe-20,"The all-wheel-drive Luba 2 for mid-size lawns that are steep or terraced: 80% slope capability in a package rated to roughly 1,000 m². Wire-free RTK.",2026-08-24,false,
Mammotion,Mammotion Yuka 1500,shipping,2024,RTK + Vision,Wire-free. RTK GNSS plus a front vision camera for obstacle avoidance. No perimeter wire.,false,1500,45,32,30,100,,UltraSense AI Vision (5 TOPS) camera; actively avoids 300+ obstacle types,1799,Mammotion Store,1.2,3.8,4,5,3.3,3.7,3,https://bestrobotmower.co/mowers/mammotion-yuka-1500,https://eu.mammotion.com/products/yuka-robot-lawn-mower,https://eu.mammotion.com/products/yuka-robot-lawn-mower,https://eu.mammotion.com/products/yuka-robot-lawn-mower,"Mammotion's vision-assisted mower for mid-size lawns, and the rare robot that can collect clippings and leaves with its sweeping accessory rather than only mulching.",2026-08-24,false,
Mammotion,Mammotion Yuka Mini,shipping,2025,RTK + Vision,"Wire-free. Vision-first navigation with RTK assist, no perimeter wire. Compact chassis.",false,809,50,19,20,60,,AI vision camera; actively identifies and avoids obstacles,1099,Amazon,1.36,3.7,4,5,3.1,3.9,2.6,https://bestrobotmower.co/mowers/mammotion-yuka-mini,https://us.mammotion.com/products/yuka-mini-robot-lawn-mower,https://us.mammotion.com/products/yuka-mini-robot-lawn-mower,https://www.amazon.com/s?k=Mammotion+Yuka+Mini&tag=bestrobotmowe-20,"Mammotion's compact wire-free robot for small city lawns and courtyards: vision-led navigation, easy app setup, and a lower entry price.",2026-08-24,false,
Ecovacs,Ecovacs Goat G1,shipping,2023,LiDAR + Vision,"Wire-free. LiDAR (LDS) plus AIVI 3D vision and UWB beacons, no perimeter wire and no satellite RTK.",false,1600,45,22,30,60,120,Built-in AIVI 3D: 150° AI camera + ToF sensor; bypasses common objects,1599,Amazon,1,4.2,5,5,3.4,3.7,3.5,https://bestrobotmower.co/mowers/ecovacs-goat-g1,https://www.ecovacs.com/au/goat-robotic-lawn-mower/goat-g1,https://www.ecovacs.com/au/goat-robotic-lawn-mower/goat-g1,https://www.amazon.com/s?k=Ecovacs+Goat+G1&tag=bestrobotmowe-20,"Ecovacs' beacon-and-LiDAR robot that avoids the tree-cover weakness of satellite mowers, with strong AI obstacle avoidance and the ability to mow at night.",2026-08-24,false,
Ecovacs,Ecovacs Goat O1200,shipping,2025,RTK + Vision,"Wire-free. RTK GNSS plus panoramic AI vision (TrueMapping), no perimeter wire.",false,1200,45,22,30,80,90,"AI camera + 3D-ToF and multiline LiDAR; avoids 200+ obstacle types, detects at 5 cm",1499,Amazon,1.25,3.8,4,5,3.2,3.7,2.9,https://bestrobotmower.co/mowers/ecovacs-goat-o1200,https://www.ecovacs.com/uk/shop/goat-robotic-lawn-mower/goat-o1200-lidar-pro,https://www.ecovacs.com/uk/shop/goat-robotic-lawn-mower/goat-o1200-lidar-pro,https://www.amazon.com/s?k=Ecovacs+Goat+O1200&tag=bestrobotmowe-20,"The RTK generation of the Goat line: quicker mapping than the beacon G1 on open lawns, with panoramic-vision obstacle avoidance and app multi-zone control.",2026-08-24,false,
Ecovacs,Ecovacs Goat A3000 LiDAR,shipping,2025,LiDAR + Vision,"Wire-free. Dual-LiDAR navigation (a 360° LiDAR on top plus a forward 3D-ToF LiDAR) with an AI camera, no RTK antenna or perimeter wire.",false,3035,50,33,30,90,118,AIVI 3D: 150° AI camera + 3D-ToF LiDAR; actively avoids 200+ obstacle types,2999.99,Ecovacs Store,0.99,4.3,5,5,3.8,3.9,3.6,https://bestrobotmower.co/mowers/ecovacs-goat-a3000-lidar,https://www.ecovacs.com/us/shop/goat-robotic-lawn-mower/goat-a3000-lidar,https://www.ecovacs.com/us/shop/goat-robotic-lawn-mower/goat-a3000-lidar,https://www.ecovacs.com/us/shop/goat-robotic-lawn-mower/goat-a3000-lidar,"Ecovacs' 2025 dual-LiDAR Goat for lawns up to ¾ acre: wire-free, RTK-free mapping, AI obstacle avoidance and 50% slope climbing. Sold out at Ecovacs US, where the A3000 LiDAR PRO replaces it.",2026-09-28,false,false
Segway,Segway Navimow X390,shipping,2025,RTK + Vision,"Wire-free. RTK GNSS plus onboard AI vision, no perimeter wire.",false,10118,50,23.7,50,100,240,VisionFence 300° camera + LiDAR; avoids 200+ objects and 24+ animal types,4499,Segway Navimow Store,0.44,4.6,4,5,5,3.9,5,https://bestrobotmower.co/mowers/segway-navimow-x390,https://navimow.com/pages/navimow-x3-specs,https://navimow.com/pages/navimow-x3-specs,https://navimow.com/products/segway-navimow-x390,"Segway's estate-scale Navimow, rated to 2.5 acres (about 10,100 m²) on the fused RTK-and-vision X3 platform, on sale in the US since April 2025.",2026-09-29,true,true
Husqvarna,Husqvarna Automower 410 iQ,shipping,2024,RTK GNSS,"Wire-free. EPOS RTK-GNSS satellite positioning with a reference station, no perimeter wire.",false,2023,45,23.9,25,100,84,Radar object detection reroutes around raised objects (no camera or AI vision),2599.99,Husqvarna Store,1.29,3.1,3.4,2,3.5,3.7,2.8,https://bestrobotmower.co/mowers/husqvarna-automower-410-iq,https://www.husqvarna.com/us/robotic-lawn-mowers/automower-410-iq/,https://www.husqvarna.com/us/robotic-lawn-mowers/automower-410-iq/,https://www.husqvarna.com/us/robotic-lawn-mowers/automower-410-iq/,"The wire-free entry to Husqvarna's market-leading Automower line: EPOS satellite positioning and Husqvarna's build reliability for mid-to-large lawns, with no perimeter wire to bury.",2026-09-28,false,
Husqvarna,Husqvarna Automower 435 iQ AWD,shipping,2024,RTK GNSS,"Wire-free. EPOS RTK-GNSS satellite positioning, no perimeter wire. All-wheel drive for steep, rough ground.",true,5261,70,22,30,70,145,"Ultrasonic sensor slows and reroutes, plus a contact bumper (no AI vision)",4999,Amazon,0.95,3.5,3.4,2,4.2,4.6,3.7,https://bestrobotmower.co/mowers/husqvarna-automower-435-iq-awd,https://www.husqvarna.com/us/robotic-lawn-mowers/automower-435-iq-awd/,https://www.husqvarna.com/us/robotic-lawn-mowers/automower-435-iq-awd/,https://www.amazon.com/s?k=Husqvarna+Automower+435+AWD&tag=bestrobotmowe-20,"Husqvarna's wire-free all-wheel-drive Automower for large, steep estates: rated to 5,300 m² and 70% slopes on satellite positioning, with the reliability of the category's leading brand.",2026-08-24,false,
Dreame,Dreame Roboticmower A1,shipping,2024,LiDAR + Vision,"Wire-free. 3D LiDAR mapping plus AI vision (OmniSense), no perimeter wire and no satellite dependence.",false,2000,45,22,30,70,,360° 3D LiDAR obstacle avoidance only; no AI vision camera,2099,Amazon,1.05,3.7,4.5,3.3,3.5,3.7,3.4,https://bestrobotmower.co/mowers/dreame-roboticmower-a1,https://global.dreametech.com/products/roboticmower-a1,https://global.dreametech.com/products/roboticmower-a1,https://www.amazon.com/s?k=Dreame+A1+robot+mower&tag=bestrobotmowe-20,"Dreame's LiDAR-first robot mower: it maps the yard in 3D and avoids obstacles without depending on a clear-sky satellite lock, a strong choice for tree-covered mid-to-large lawns.",2026-08-24,false,
Dreame,Dreame Roboticmower A3 AWD Pro,shipping,2025,LiDAR + Vision,"Wire-free. 360° 3D LiDAR plus AI vision (OmniSense 3.0), no perimeter wire. All-wheel drive for steep ground.",true,2500,80,40,30,100,,360° 3D LiDAR + binocular AI vision; actively avoids 300+ obstacle types,1699.99,Dreame Yard Care Store,0.68,4.6,5,5,3.6,4.9,4.4,https://bestrobotmower.co/mowers/dreame-roboticmower-a3-awd-pro,https://yardcare.dreametech.com/products/a3-awd-pro-robot-lawn-mower,https://yardcare.dreametech.com/products/a3-awd-pro-robot-lawn-mower,https://www.dreametech.com/products/a3-awd-pro-robot-lawn-mower,"Dreame's do-it-all flagship: 360° LiDAR navigation that works under trees plus all-wheel drive for 80% slopes, for large lawns that are also steep or shaded.",2026-09-29,true,true
EcoFlow,EcoFlow Blade,shipping,2023,RTK GNSS,"Wire-free. RTK GNSS satellite positioning, no perimeter wire. Optional add-on sweeper for debris.",false,2800,27,26,20,76,240,X-Vision: LiDAR + HD camera + ultrasonic; detects and reroutes around obstacles,2899,EcoFlow Store,1.04,3.9,4,5,3.7,3.2,3.4,https://bestrobotmower.co/mowers/ecoflow-blade,https://www.ecoflow.com/au/blade-robotic-lawn-mower,https://www.ecoflow.com/au/blade-robotic-lawn-mower,https://www.ecoflow.com/au/blade-robotic-lawn-mower,"EcoFlow's design-forward wire-free mower for large lawns: RTK positioning plus an optional sweeper that clears debris, from a brand better known for its power stations.",2026-09-29,false,false
Sunseeker,Sunseeker X3 Plus,shipping,2024,RTK + Vision,"Wire-free. AONavi = RTK-GNSS plus VSLAM camera vision, no perimeter wire.",false,1200,30,20.3,40,80,120,Dual-lens 3D AI camera + ultrasonic; recognizes 200+ object types and reroutes,899.99,Sunseeker Store,0.75,4,4,5,3.2,3.3,4.2,https://bestrobotmower.co/mowers/sunseeker-x3-plus,https://shopsunseekertech.com/products/x3-plus-wireless-robot-lawn-mower-l-0-3-acre,https://shopsunseekertech.com/products/x3-plus-wireless-robot-lawn-mower-l-0-3-acre,https://shopsunseekertech.com/products/x3-plus-wireless-robot-lawn-mower-l-0-3-acre,"Sunseeker's value wire-free mower for mid-size lawns: RTK plus camera vision at an entry-level price, one of the cheapest ways into vision-assisted wire-free mowing.",2026-09-29,true,true
Worx,Worx Landroid Vision Cloud,shipping,2024,RTK + Vision,"Wire-free. RTK Cloud (centimetre satellite) positioning plus a camera, no perimeter wire.",false,1012,35,22,40,90,60,Stereo-vision AI camera; avoids anything that is not grass or leaves,1199,Amazon,1.18,3.8,4,5,3.2,3.4,3.1,https://bestrobotmower.co/mowers/worx-landroid-vision-cloud,https://www.worx.com/landroid-vision-cloud.html,https://www.worx.com/landroid-vision-cloud.html,https://www.amazon.com/s?k=Worx+Landroid+Vision+robot+mower&tag=bestrobotmowe-20,"Worx's wire-free, camera-guided Landroid for small-to-mid lawns: it reads the grass to cut cleanly to the edge, at a lower price than the premium RTK brands.",2026-08-24,false,
MOVA,MOVA LiDAX Ultra 3000 AWD,shipping,2026,LiDAR + Vision,"Wire-free. 360° 3D LiDAR plus AI dual-vision cameras, no perimeter wire and no RTK base station. All-wheel drive for steep ground.",true,3035,80,40,30,99,170,360° 3D LiDAR + dual AI-vision cameras; detects and reroutes around obstacles day or night,2199,MOVA Store,0.72,4.6,5,5,3.8,4.9,4.3,https://bestrobotmower.co/mowers/mova-lidax-ultra-3000-awd,https://us.mova.tech/pages/mova-lidax-ultra-3000-awd,https://us.mova.tech/pages/mova-lidax-ultra-3000-awd,https://www.anrdoezrs.net/links/101813841/type/dlg/sid/mova-affiliate/https%3A%2F%2Fus.mova.tech%2Fproducts%2Fmova-lidax-ultra-3000-awd-robotic-lawn-mower,"MOVA's premium all-wheel-drive flagship: 360° LiDAR plus AI vision for large lawns up to 0.75 acre that are also steep (80% slopes) or shaded, wire-free and RTK-free, with 4G tracking built in.",2026-09-29,true,true
Ecovacs,Ecovacs Goat A2000 LiDAR PRO,shipping,2026,LiDAR + Vision,"Wire-free. HoloScope 360 dual-LiDAR (rotating 360° LiDAR plus 3D-ToF) with AIVI 3D vision, no perimeter wire. Built-in TruEdge AI edge trimmer.",false,2023,50,32.9,30,90,50,HoloScope 360 dual-LiDAR + AIVI 3D vision; actively avoids 200+ obstacle types,1452,Ecovacs Store,0.72,4.4,5,5,3.5,3.9,4.3,https://bestrobotmower.co/mowers/ecovacs-goat-a2000-lidar-pro,https://www.ecovacs.com/us/shop/goat-robotic-lawn-mower/goat-a2000-lidar-pro,https://www.ecovacs.com/us/shop/goat-robotic-lawn-mower/goat-a2000-lidar-pro,https://www.ecovacs.com/us/shop/goat-robotic-lawn-mower/goat-a2000-lidar-pro,"Ecovacs' 2026 mid-flagship Goat for lawns up to half an acre: dual-LiDAR HoloScope mapping plus AI vision, a built-in edge trimmer, and 50% slope climbing, wire-free, sitting between the Goat O1200 and the A3000.",2026-09-28,false,
Ecovacs,Ecovacs Goat A3000 LiDAR PRO,shipping,2026,LiDAR + Vision,"Wire-free. HoloScope 360 dual-LiDAR (multiline 360° LiDAR plus 3D-ToF) with an AI camera, no RTK antenna or perimeter wire. Built-in TruEdge edge trimmer.",false,3035,50,33,30,90,160,"AIVI 3D: AI camera + 3D-ToF + multiline LiDAR; avoids 200+ obstacle types, stopping 5 cm (1.97 in) away",2499.99,Ecovacs Store,0.82,4.4,5,5,3.8,3.9,4,https://bestrobotmower.co/mowers/ecovacs-goat-a3000-lidar-pro,https://www.bestbuy.com/product/ecovacs-robotics-goat-a3000-lidar-pro-robotic-lawn-mower-fast-charging-wire-free-dual-lidar-navigation-truedge-edge-trimmer-0-75-acre-white/J3R855QFW4,https://www.ecovacs.com/us/shop/goat-robotic-lawn-mower/goat-a3000-lidar-pro,https://www.ecovacs.com/us/shop/goat-robotic-lawn-mower/goat-a3000-lidar-pro,"Ecovacs' 2026 flagship Goat for lawns up to ¾ acre: dual-LiDAR mapping plus AI vision, a built-in edge trimmer, 160 minutes per charge and 50% slope climbing, wire-free. It replaces the A3000 LiDAR.",2026-09-28,false,
Dreame,Dreame A3 AWD,shipping,,LiDAR + Vision,"Wire-free. OmniSense 3.0 (360° 3D LiDAR plus binocular AI vision), no RTK antenna or perimeter wire. All-wheel drive for steep ground.",true,1000,80,20,30,100,,OmniSense 3.0: 360° 3D LiDAR + binocular AI vision; actively avoids 300+ obstacle types,1399.99,Dreame Yard Care Store,1.4,4.1,5,5,3.1,4.9,2.5,https://bestrobotmower.co/mowers/dreame-a3-awd,https://yardcare.dreametech.com/products/a3-awd-robot-lawn-mower,https://yardcare.dreametech.com/products/a3-awd-robot-lawn-mower,https://www.dreametech.com/products/a3-awd-robot-lawn-mower,"Dreame's wire-free all-wheel-drive A3 AWD (the non-Pro): 360° LiDAR plus AI vision and 80% slope climbing for small-to-mid lawns, with a pre-installed 4G module for tracking.",2026-09-29,true,true
MOVA,MOVA LiDAX Ultra 1000,shipping,2026,LiDAR + Vision,"Wire-free. UltraView 2.0 (360° 3D LiDAR fused with AI vision), no RTK antenna or perimeter wire, for small lawns.",false,1000,45,20,30,100,,UltraView 2.0: 360° 3D LiDAR fused with AI vision; detects and steers around obstacles,999,MOVA Store,1,4.1,5,5,3.1,3.7,3.5,https://bestrobotmower.co/mowers/mova-lidax-ultra-1000,https://us.mova.tech/products/mova-lidax-ultra-1000-robot-lawn-mower,https://us.mova.tech/products/mova-lidax-ultra-1000-robot-lawn-mower,https://www.anrdoezrs.net/links/101813841/type/dlg/sid/mova-affiliate/https%3A%2F%2Fus.mova.tech%2Fproducts%2Fmova-lidax-ultra-1000-robot-lawn-mower,"The entry tier of MOVA's wire-free LiDAX Ultra line: 360° LiDAR plus AI vision for lawns up to 0.25 acre, 45% slopes, a quiet 57 dB, and built-in 4G tracking.",2026-09-29,true,true
Worx,Worx Landroid Vision WR220,shipping,,Vision,"Wire-free. Camera-based AI vision with onboard neural-network processing, no boundary wire and no mapping, with active obstacle avoidance.",false,2023,30,22,40,90,,"Onboard AI-camera vision (neural network); steers around anything it does not read as grass, with no wire or map",2499.99,Worx Store,1.24,3.5,3,5,3.5,3.3,2.9,https://bestrobotmower.co/mowers/worx-landroid-vision-wr220,https://www.worx.com/landroid-vision-20v-boundaryless-robotic-lawn-mower-1-2-acre-wr220.html,https://www.worx.com/landroid-vision-20v-boundaryless-robotic-lawn-mower-1-2-acre-wr220.html,https://www.worx.com/en-us/landroid-vision-20v-boundaryless-robotic-lawn-mower-1-2-acre-wr220,"Worx's boundaryless Landroid Vision (WR220) for lawns up to half an acre: it navigates purely by AI camera vision, no wire and no mapping, cutting an 8.7-inch width.",2026-09-28,false,
Segway,Segway Navimow i2 AWD,shipping,2026,RTK + Vision,"Wire-free. Tri-frequency Network RTK fused with a front AI camera, with no antenna to install where network coverage exists (a GNSS antenna ships in the box). On-demand all-wheel drive.",true,607,45,18,51,91,60,"VisionFence 140° AI camera; avoids 150+ object types, rerouting in 0.1 s with about 1 m clearance",999,Segway Navimow Store,1.65,3.5,4,5,3,3.7,1.8,https://bestrobotmower.co/mowers/segway-navimow-i2-awd,https://navimow.com/products/navimow-i2-awd-robot-lawn-mower,https://navimow.com/products/navimow-i2-awd-robot-lawn-mower,https://navimow.com/products/navimow-i2-awd-robot-lawn-mower,"Segway's 2026 entry all-wheel-drive Navimow for small lawns: antenna-free network RTK plus AI vision, on-demand all-wheel drive and 150+ obstacle types, in a 0.15-acre i206 and a 0.25-acre i210.",2026-09-29,true,true
Segway,Segway Navimow i2 LiDAR,shipping,2026,LiDAR + Vision,"Wire-free. Solid-state LiDAR fused with a camera (EFLS Dual-fusion), no RTK, no antenna and no perimeter wire.",false,1497,45,22,20,102,160,"VisionFence solid-state LiDAR + 140° camera; detects 200+ obstacle types to 1 cm (0.4 in), incl. moving animals",1599,Segway Navimow Store,1.07,4.1,5,5,3.3,3.7,3.4,https://bestrobotmower.co/mowers/segway-navimow-i2-lidar,https://navimow.com/products/navimow-i2-lidar-robot-lawn-mower,https://navimow.com/products/navimow-i2-lidar-robot-lawn-mower,https://navimow.com/products/navimow-i2-lidar-robot-lawn-mower,"Segway's first satellite-free Navimow (2026): LiDAR plus AI vision for lawns up to 0.37 acre, 160 minutes per charge and Apple Find My tracking, with nothing to install but the charging station.",2026-09-29,true,true
Segway,Segway Navimow H2,shipping,2026,LiDAR + RTK + Vision,"Wire-free. Solid-state LiDAR fused with Network RTK and a camera (EFLS Tri-fusion), no antenna and no perimeter wire.",false,1012,45,22,20,102,110,VisionFence solid-state LiDAR + 140° camera; recognizes 200+ object types down to 1 cm (0.4 in),1799,Segway Navimow Store,1.78,3.7,5,5,3.2,3.7,1.5,https://bestrobotmower.co/mowers/segway-navimow-h2,https://navimow.com/products/navimow-h2-robot-lawn-mower,https://navimow.com/products/navimow-h2-robot-lawn-mower,https://navimow.com/products/navimow-h2-robot-lawn-mower,"Segway's 2026 tri-fusion Navimow for a quarter acre (H210) or half an acre (H220): LiDAR, network RTK and AI vision with no antenna, a rain sensor and Apple Find My tracking.",2026-09-29,true,true
Segway,Segway Navimow X4,shipping,2026,RTK + Vision,"Wire-free. Tri-frequency Network RTK fused with 360° camera SLAM and VIO, with no antenna required where network coverage exists (a GNSS antenna is included). All-wheel drive.",true,4047,84,43.2,19,102,110,"360° VisionFence cameras + ToF; detects and avoids 200+ obstacle types, incl. pets and suspended objects",2499,Segway Navimow Store,0.62,4.5,4,5,4,5,4.5,https://bestrobotmower.co/mowers/segway-navimow-x4,https://navimow.com/products/navimow-x4-robot-lawn-mower,https://navimow.com/products/navimow-x4-robot-lawn-mower,https://navimow.com/products/navimow-x4-robot-lawn-mower,"Segway's 2026 all-wheel-drive Navimow for 1 to 1.5 acres: network RTK plus 360° AI vision, 84% slope climbing and a 17-inch twin-disc deck.",2026-09-29,true,false
Segway,Segway Navimow X350,shipping,2025,RTK + Vision,"Wire-free. RTK GNSS plus 300° VisionFence cameras (EFLS 3.0), no perimeter wire; network RTK is now standard on the X3 series.",false,6070,50,23.7,50,100,200,VisionFence 300° cameras + ToF; identifies 200+ obstacles and suspended items and slows near people,2799,Segway Navimow Store,0.46,4.5,4,5,4.4,3.9,5,https://bestrobotmower.co/mowers/segway-navimow-x350,https://navimow.com/products/segway-navimow-x350,https://navimow.com/products/segway-navimow-x350,https://navimow.com/products/segway-navimow-x350,"Segway's 1.5-acre Navimow X3, on sale in the US since April 2025: RTK plus 300° AI vision, 200 minutes per charge and 4G tracking, between the X330 and the X390.",2026-09-29,true,true
Mammotion,Mammotion Luba 3 AWD,shipping,2026,LiDAR + RTK + Vision,"Wire-free. Tri-Fusion positioning: a 360° LiDAR plus dual-camera AI vision, with network RTK (iNavi, over the built-in 4G) on the 3000 and 5000 tiers, so there is no base station to install. All-wheel drive from four in-wheel motors.",true,3000,80,40,25,70,150,"360° LiDAR + dual-camera AI vision on a 10-TOPS chip; recognizes and avoids 300+ obstacle types, with anti-fall protection",2109,Mammotion Store,0.7,4.6,5,5,3.8,4.9,4.3,https://bestrobotmower.co/mowers/mammotion-luba-3-awd,https://support.mammotion.com/portal/en/kb/articles/luba-3-awd-series-user-manual-en,https://us.mammotion.com/products/luba-3-awd-robot-lawn-mower,https://us.mammotion.com/products/luba-3-awd-robot-lawn-mower,"Mammotion's 2026 all-wheel-drive flagship: Tri-Fusion LiDAR, network RTK and AI vision with no base station to install, 80% slope climbing and a 40 cm cut, in 0.37, 0.75 and 1.25-acre tiers.",2026-09-29,true,true
Mammotion,Mammotion Luba Mini 2 AWD,shipping,2026,LiDAR + Vision,"Wire-free. A 360° LiDAR plus dual-camera AI vision, no RTK antenna, base station or perimeter wire. All-wheel drive.",true,1500,80,20,55,100,150,360° LiDAR + dual-camera AI vision; detects and avoids 300+ stationary or moving obstacles,1699,Mammotion Store,1.13,4.3,5,5,3.3,4.9,3.2,https://bestrobotmower.co/mowers/mammotion-luba-mini-2-awd,https://support.mammotion.com/portal/en/kb/articles/luba-mini-2-awd-lidar-1500-user-manual-en,https://us.mammotion.com/products/luba-mini-2-awd-robot-lawn-mower,https://us.mammotion.com/products/luba-mini-2-awd-robot-lawn-mower,"Mammotion's compact 2026 all-wheel-drive Luba for lawns up to 0.37 acre: satellite-free LiDAR plus AI vision, 80% slope climbing and an edge-trimming second disc.",2026-09-29,true,true
Mammotion,Mammotion Yuka Mini 2,shipping,2026,LiDAR + Vision,"Wire-free. A 360° LiDAR plus dual-camera AI vision, no RTK, antenna or perimeter wire.",false,1000,45,19,50,90,135,"360° LiDAR + AI vision; identifies 300+ obstacles, anticipates moving ones and detects drop-offs",1399,Mammotion Store,1.4,3.9,5,5,3.1,3.7,2.5,https://bestrobotmower.co/mowers/mammotion-yuka-mini-2,https://support.mammotion.com/portal/en/kb/articles/yuka-mini-2-user-manual-en,https://us.mammotion.com/products/yuka-mini-2-1000h-robot-lawn-mower,https://us.mammotion.com/products/yuka-mini-2-1000h-robot-lawn-mower,"Mammotion's 2026 satellite-free Yuka Mini for lawns up to 0.25 acre: LiDAR plus AI vision, a rain sensor and drop-off protection, with 4G available as an add-on module.",2026-09-29,true,false
MOVA,MOVA LiDAX Ultra 2000 AWD,shipping,2026,LiDAR + Vision,"Wire-free. UltraView 3.0 (a 360° 3D LiDAR plus two 1080p AI cameras), no RTK antenna or perimeter wire. All-wheel drive.",true,2000,80,40,30,100,150,360° 3D LiDAR + dual AI cameras + bumper; recognizes 300+ still or moving obstacle types down to 2 cm (0.8 in),1799,MOVA Store,0.9,4.4,5,5,3.5,4.9,3.8,https://bestrobotmower.co/mowers/mova-lidax-ultra-2000-awd,https://us.mova.tech/products/mova-lidax-ultra-2000-awd-robotic-lawn-mower,https://us.mova.tech/products/mova-lidax-ultra-2000-awd-robotic-lawn-mower,https://www.anrdoezrs.net/links/101813841/type/dlg/sid/mova-affiliate/https%3A%2F%2Fus.mova.tech%2Fproducts%2Fmova-lidax-ultra-2000-awd-robotic-lawn-mower,"MOVA's 2026 all-wheel-drive LiDAX for half-acre lawns: 360° LiDAR plus dual AI vision with nothing to install, 80% slope climbing, a 40 cm twin-disc deck and built-in 4G.",2026-09-29,true,true
MOVA,MOVA LiDAX Ultra 2000,shipping,2026,LiDAR + Vision,"Wire-free. UltraView 2.0 (a 360° 3D LiDAR fused with an AI camera), no RTK antenna or perimeter wire, and it works at night.",false,2000,45,20,30,100,70,"360° 3D LiDAR + AI vision; detects and avoids 300+ obstacle types, incl. people and pets",1099,MOVA Store,0.55,4.4,5,5,3.5,3.7,4.7,https://bestrobotmower.co/mowers/mova-lidax-ultra-2000,https://cdn.shopify.com/s/files/1/0712/8245/8860/files/G2529.pdf?v=1770277356,https://us.mova.tech/products/mova-lidax-ultra-2000-robot-lawn-mower,https://www.anrdoezrs.net/links/101813841/type/dlg/sid/mova-affiliate/https%3A%2F%2Fus.mova.tech%2Fproducts%2Fmova-lidax-ultra-2000-robot-lawn-mower,"The half-acre tier of MOVA's 2026 LiDAX Ultra line: 360° LiDAR plus AI vision with nothing to install, a rain sensor and an included 4G tracking module.",2026-09-29,true,true
MOVA,MOVA LiDAX Pro 800,shipping,2026,LiDAR + Vision,"Wire-free. UltraView 2.0 (a 360° 3D LiDAR plus an AI camera), no RTK antenna or perimeter wire.",false,800,45,20,30,100,60,360° 3D LiDAR + AI vision; detects 300+ obstacle types and protects pets,849,MOVA Store,1.06,4.1,5,5,3.1,3.7,3.4,https://bestrobotmower.co/mowers/mova-lidax-pro-800,https://cdn.shopify.com/s/files/1/0712/8245/8860/files/YC2611_MOVA_LiDAX_Pro_MANUAL-EN.pdf?v=1783916141,https://us.mova.tech/products/mova-lidax-pro-800-robotic-lawn-mower,https://www.anrdoezrs.net/links/101813841/type/dlg/sid/mova-affiliate/https%3A%2F%2Fus.mova.tech%2Fproducts%2Fmova-lidax-pro-800-robotic-lawn-mower,"MOVA's 2026 entry LiDAR mower for lawns up to 0.2 acre: satellite-free 360° LiDAR plus AI vision and a quiet 57 dB deck, with 4G tracking as an add-on.",2026-09-29,true,true
Sunseeker,Sunseeker X5,shipping,2024,RTK + Vision,Wire-free. RTK GNSS fused with visual SLAM and binocular AI cameras (AONavi); the included RTK base station mounts with a clear view of the sky. All-wheel drive.,true,2000,60,22,41,81,,"Binocular AI cameras + bumper; detects 200+ obstacle types, still or moving",1499,Sunseeker Store,0.75,4.2,4,5,3.5,4.2,4.2,https://bestrobotmower.co/mowers/sunseeker-x5,https://shopsunseekertech.com/products/x5-wireless-robot-lawn-mower-0-5-acres,https://shopsunseekertech.com/products/x5-wireless-robot-lawn-mower-0-5-acres,https://shopsunseekertech.com/products/x5-wireless-robot-lawn-mower-0-5-acres,"Sunseeker's all-wheel-drive X5 for half-acre lawns: RTK plus visual SLAM and binocular AI vision, 60% slope climbing and a rain sensor, with 4G tracking as an option.",2026-09-29,true,true
Sunseeker,Sunseeker S4,shipping,2026,LiDAR + Vision,"Wire-free. A 360° 3D LiDAR fused with an AI camera (L-SLAM plus V-SLAM), no RTK antenna, base station or perimeter wire.",false,1000,42,18,41,81,90,360° 3D LiDAR + AI camera + bumper; detects obstacles 360° around and 70° vertically,999.99,Sunseeker Store,1,4.1,5,5,3.1,3.7,3.5,https://bestrobotmower.co/mowers/sunseeker-s4,https://shopsunseekertech.com/products/sunseeker-s4-wireless-robot-lawn-mower-l-0-25-acre,https://shopsunseekertech.com/products/sunseeker-s4-wireless-robot-lawn-mower-l-0-25-acre,https://shopsunseekertech.com/products/sunseeker-s4-wireless-robot-lawn-mower-l-0-25-acre,"Sunseeker's 2026 LiDAR mower for quarter-acre lawns: 360° LiDAR plus AI vision with no RTK station, 90 minutes per charge and a rain sensor.",2026-09-29,true,true
Sunseeker,Sunseeker V3,shipping,2025,Vision,"Wire-free. Binocular AI cameras read the lawn edges and obstacles, with magnetic strips for open or unclear edges; no RTK, no LiDAR, and it mows in daylight only.",false,600,42,18,20,60,,Binocular 3D-camera AI vision; recognizes 200+ obstacle types in daylight on a cleared lawn,599.99,Sunseeker Store,1,3.6,3,5,3,3.7,3.5,https://bestrobotmower.co/mowers/sunseeker-v3,https://shopsunseekertech.com/products/v3-robot-lawn-mower-0-15acre-readygo,https://shopsunseekertech.com/products/v3-robot-lawn-mower-0-15acre-readygo,https://shopsunseekertech.com/products/v3-robot-lawn-mower-0-15acre-readygo,"Sunseeker's camera-only V3 for small, simple lawns up to 0.15 acre: no wire and no antenna, a rain sensor and a quiet 55 dB, for daylight mowing.",2026-09-29,true,true
Ecovacs,Ecovacs Goat O1000 LiDAR PRO,shipping,2026,LiDAR + Vision,"Wire-free. HoloScope 360 dual-LiDAR (multiline 360° LiDAR plus 3D-ToF) with an AI camera, no RTK antenna or perimeter wire. Built-in TruEdge edge trimmer.",false,1012,45,22,30,80,90,AIVI 3D: AI camera + 3D-ToF + multiline LiDAR obstacle avoidance,1499.99,Ecovacs Store,1.48,3.9,5,5,3.2,3.7,2.3,https://bestrobotmower.co/mowers/ecovacs-goat-o1000-lidar-pro,https://www.bestbuy.com/product/ecovacs-robotics-goat-o1000-lidar-pro-robotic-lawn-mower-wire-free-lidar-navigation-truedge-trimmer-zero-edge-45-slope-1-4-acre-white/J3R855QFK2,https://www.ecovacs.com/us/shop/goat-robotic-lawn-mower/goat-o1000-lidar-pro,https://www.ecovacs.com/us/shop/goat-robotic-lawn-mower/goat-o1000-lidar-pro,"Ecovacs' 2026 compact Goat for lawns up to a quarter acre: dual-LiDAR mapping plus AI vision, a built-in edge trimmer, 45% slope climbing and 80 cm (31.5 in) narrow-path passage, wire-free.",2026-09-28,false,
